[{"source": "Twitter Web Client", "id_str": "20595488004775936", "text": "WIshing everyone a happy, healthy and prosperous New Year!", "created_at": "Thu Dec 30 21:42:01 +0000 2010", "retweet_count": 144, "in_reply_to_user_id_str": null, "favorite_count": 42, "is_retweet": false}, {"source": "Twitter Web Client", "id_str": "17979321264115714", "text": "Wishing everyone a very Happy Holiday season!", "created_at": "Thu Dec 23 16:26:18 +0000 2010", "retweet_count": 109, "in_reply_to_user_id_str": null, "favorite_count": 55, "is_retweet": false}, {"source": "Twitter Web Client", "id_str": "15413432119459840", "text": "Don't forget to watch Larry King tonight, CNN at 9 pm.  He's a television legend and a great friend. It's going to be a fantastic farewell.", "created_at": "Thu Dec 16 14:30:23 +0000 2010", "retweet_count": 112, "in_reply_to_user_id_str": null, "favorite_count": 20, "is_retweet": false}, {"source": "Twitter Web Client", "id_str": "14785576859340800", "text": "I'll be appearing on Larry King Live for his final show, Thursday night at 9 p.m., CNN. Larry's been on TV for 25 years...", "created_at": "Tue Dec 14 20:55:30 +0000 2010", "retweet_count": 250, "in_reply_to_user_id_str": null, "favorite_count": 37, "is_retweet": false}, {"source": "Twitter Web Client", "id_str": "14359503306752000", "text": "...Trump International Hotel Las Vegas, and Trump International Hotel & Tower Waikiki Beach Walk. http://tlworldsbest.roiresearch.com/.", "created_at": "Mon Dec 13 16:42:27 +0000 2010", "retweet_count": 12, "in_reply_to_user_id_str": null, "favorite_count": 6, "is_retweet": false}, {"source": "Twitter Web Client", "id_str": "14358664722776064", "text": "Those five hotels includeTrump International Hotel & Tower New York, Trump Soho New York, Trump International Hotel & Tower Chicago...", "created_at": "Mon Dec 13 16:39:07 +0000 2010", "retweet_count": 14, "in_reply_to_user_id_str": null, "favorite_count": 6, "is_retweet": false}, {"source": "Twitter Web Client", "id_str": "14356570783617025", "text": "All the hotels currently open in the Trump Hotel Collection have been nominated for Travel & Leisure's \"World's Best Awards 2011\" .....", "created_at": "Mon Dec 13 16:30:47 +0000 2010", "retweet_count": 24, "in_reply_to_user_id_str": null, "favorite_count": 8, "is_retweet": false}, {"source": "Twitter Web Client", "id_str": "13242093694623744", "text": "Congratulations to Brandy as our new Apprentice and to Clint for being a great player. It's been a terrific season!", "created_at": "Fri Dec 10 14:42:15 +0000 2010", "retweet_count": 44, "in_reply_to_user_id_str": null, "favorite_count": 12, "is_retweet": false}, {"source": "Twitter Web Client", "id_str": "12960183131045888", "text": "Tonight is the Apprentice finale---and it's a fantastic episode in every way, with the great Liza Minnelli performing and a new Apprentice!", "created_at": "Thu Dec 09 20:02:03 +0000 2010", "retweet_count": 55, "in_reply_to_user_id_str": null, "favorite_count": 7, "is_retweet": false}, {"source": "Twitter Web Client", "id_str": "10355715596091393", "text": "Tonight's episode of The Apprentice is one of the best ever--we're down to the final 3, and it's high excitement all the way. 10 pm on NBC.", "created_at": "Thu Dec 02 15:32:49 +0000 2010", "retweet_count": 24, "in_reply_to_user_id_str": null, "favorite_count": 3, "is_retweet": false}, {"source": "Twitter Web Client", "id_str": "9273573134835712", "text": "Congratulations to Evan Lysacek for being nominated SI sportsman of the year. He's a great guy, and he has my vote!  #EvanForSI", "created_at": "Mon Nov 29 15:52:46 +0000 2010", "retweet_count": 31, "in_reply_to_user_id_str": null, "favorite_count": 4, "is_retweet": false}, {"source": "Twitter Web Client", "id_str": "7504103261347840", "text": "My best wishes to everyone for a Happy Thanksgiving!", "created_at": "Wed Nov 24 18:41:32 +0000 2010", "retweet_count": 69, "in_reply_to_user_id_str": null, "favorite_count": 15, "is_retweet": false}, {"source": "Twitter Web Client", "id_str": "7483813542232064", "text": "Tomorrow night's episode of The Apprentice delivers excitement at QVC along with appearances by Isaac Mizrahi and Cathie Black. 10 pm on NBC", "created_at": "Wed Nov 24 17:20:54 +0000 2010", "retweet_count": 32, "in_reply_to_user_id_str": null, "favorite_count": 12, "is_retweet": false}, {"source": "Twitter Web Client", "id_str": "7461789721698304", "text": "Watch CNN tomorrow at 2 pm & 5 pm and on Friday at 7 pm & 11 pm for a Thanksgiving Special hosted by John King. I'll be a featured guest.", "created_at": "Wed Nov 24 15:53:23 +0000 2010", "retweet_count": 19, "in_reply_to_user_id_str": null, "favorite_count": 6, "is_retweet": false}, {"source": "Twitter Web Client", "id_str": "6759410504310784", "text": "Staff Sgt. Salvatore A. Giunta received the Medal of Honor from Pres. Obama this month. It was a great honor to have him visit me today.", "created_at": "Mon Nov 22 17:22:23 +0000 2010", "retweet_count": 26, "in_reply_to_user_id_str": null, "favorite_count": 10, "is_retweet": false}, {"source": "Twitter Web Client", "id_str": "5307138364674048", "text": "\"CNBC Titans: Donald Trump \" will be shown Friday Nov 19th at 9 pm and 1 am, Sunday 11/21 at 9 pm and  11/24 at 7 pm   http://bit.ly/ckojPN", "created_at": "Thu Nov 18 17:11:35 +0000 2010", "retweet_count": 21, "in_reply_to_user_id_str": null, "favorite_count": 6, "is_retweet": false}, {"source": "Twitter Web Client", "id_str": "5285497953853441", "text": "We're getting down to the wire on The Apprentice--tune in tonight for some great action! 10 p.m. on NBC.", "created_at": "Thu Nov 18 15:45:35 +0000 2010", "retweet_count": 27, "in_reply_to_user_id_str": null, "favorite_count": 3, "is_retweet": false}, {"source": "Twitter Web Client", "id_str": "4257859944579073", "text": "My interview last week with Greta van Susteren is available here in slightly abridged form. http://bit.ly/96ztOA  Good info to know about.", "created_at": "Mon Nov 15 19:42:07 +0000 2010", "retweet_count": 34, "in_reply_to_user_id_str": null, "favorite_count": 15, "is_retweet": false}, {"source": "Twitter Web Client", "id_str": "2742379589144576", "text": "Tonight's episode of The Apprentice has a big surprise at the top of the show -- don't miss it! 10 p.m. on NBC.", "created_at": "Thu Nov 11 15:20:08 +0000 2010", "retweet_count": 28, "in_reply_to_user_id_str": null, "favorite_count": 3, "is_retweet": false}, {"source": "Twitter Web Client", "id_str": "29674109995", "text": "Tonight's episode of The Apprentice is one you won't want to miss! Be sure to tune in--10 p.m. on NBC.", "created_at": "Thu Nov 04 15:00:52 +0000 2010", "retweet_count": 37, "in_reply_to_user_id_str": null, "favorite_count": 14, "is_retweet": false}, {"source": "Twitter Web Client", "id_str": "29601992948", "text": "I'll be discussing a variety of topics tonight with Greta Van Susteren, 10 p.m. on Fox News. It will be the first of a two part series.", "created_at": "Wed Nov 03 20:11:09 +0000 2010", "retweet_count": 34, "in_reply_to_user_id_str": null, "favorite_count": 5, "is_retweet": false}, {"source": "Twitter Web Client", "id_str": "29014512646", "text": "I was on The View this morning. We talked about The Apprentice. Tonight's episode is a great one--tough, exciting and surprising. 10 pm/NBC", "created_at": "Thu Oct 28 18:53:40 +0000 2010", "retweet_count": 35, "in_reply_to_user_id_str": null, "favorite_count": 5, "is_retweet": false}, {"source": "Twitter Web Client", "id_str": "28888487946", "text": "Be prepared for a sensational episode of The Apprentice tomorrow night, 10 pm on NBC.", "created_at": "Wed Oct 27 13:14:12 +0000 2010", "retweet_count": 27, "in_reply_to_user_id_str": null, "favorite_count": 2, "is_retweet": false}, {"source": "Twitter Web Client", "id_str": "28042446926", "text": "Don't forget to tune in tonight to see another unpredictable and exciting episode of The Apprentice-- 10 pm on NBC", "created_at": "Thu Oct 21 16:38:25 +0000 2010", "retweet_count": 31, "in_reply_to_user_id_str": null, "favorite_count": 2, "is_retweet": false}, {"source": "Twitter Web Client", "id_str": "27362772649", "text": "An HR solutions company polled 1,000 employed adults to find out who would make ideal bosses...   http://bit.ly/9uP9vj", "created_at": "Thu Oct 14 17:48:29 +0000 2010", "retweet_count": 46, "in_reply_to_user_id_str": null, "favorite_count": 21, "is_retweet": false}, {"source": "Twitter Web Client", "id_str": "27343104700", "text": "Be sure to watch The Apprentice tonight, 10 p.m. on NBC--it's an episode you won't forget!", "created_at": "Thu Oct 14 14:00:16 +0000 2010", "retweet_count": 36, "in_reply_to_user_id_str": null, "favorite_count": 4, "is_retweet": false}, {"source": "Twitter Web Client", "id_str": "26652912130", "text": "Scotland is beautiful and Trump Internatonal Golf Links-Scotland is progressing beautifully as well.  http://bit.ly/bUWWNb", "created_at": "Thu Oct 07 14:22:41 +0000 2010", "retweet_count": 21, "in_reply_to_user_id_str": null, "favorite_count": 5, "is_retweet": false}, {"source": "Twitter Web Client", "id_str": "26651899791", "text": "Don't forget to tune in tonight for another exciting episode of The Apprentice--10 p.m. on NBC.", "created_at": "Thu Oct 07 14:11:11 +0000 2010", "retweet_count": 24, "in_reply_to_user_id_str": null, "favorite_count": 2, "is_retweet": false}, {"source": "Twitter Web Client", "id_str": "26551913010", "text": "I'm honored to be presented the award of Doctor of Business Administration Honoris Causa from Robert Gordon University in Aberdeen, Scotland", "created_at": "Wed Oct 06 13:40:23 +0000 2010", "retweet_count": 31, "in_reply_to_user_id_str": null, "favorite_count": 7, "is_retweet": false}, {"source": "Twitter Web Client", "id_str": "26092980045", "text": "Read Ivanka's blog about last night's Apprentice on Entertainment Weekly ...http://bit.ly/bMNF72", "created_at": "Fri Oct 01 15:59:59 +0000 2010", "retweet_count": 15, "in_reply_to_user_id_str": null, "favorite_count": 8, "is_retweet": false}, {"source": "Twitter Web Client", "id_str": "25988176664", "text": "Tune in tonight at 10 pm on NBC for another exciting episode of The Apprentice -- and see the Dog Whisperer make an appearance.", "created_at": "Thu Sep 30 15:10:41 +0000 2010", "retweet_count": 100, "in_reply_to_user_id_str": null, "favorite_count": 119, "is_retweet": false}, {"source": "Twitter Web Client", "id_str": "25436192384", "text": "See the new sizzle reel for The Apprentice   http://bit.ly/ax8nah", "created_at": "Fri Sep 24 20:27:35 +0000 2010", "retweet_count": 34, "in_reply_to_user_id_str": null, "favorite_count": 12, "is_retweet": false}, {"source": "Twitter Web Client", "id_str": "25330385195", "text": "Don't forget to tune in tonight at 10 p.m. on NBC for another action packed episode of The Apprentice.   http://bit.ly/bnAuAv", "created_at": "Thu Sep 23 18:22:05 +0000 2010", "retweet_count": 43, "in_reply_to_user_id_str": null, "favorite_count": 5, "is_retweet": false}, {"source": "Twitter Web Client", "id_str": "24783636234", "text": "Be sure to tune in for Melania's second QVC show for \"Melania Timepieces & Jewelry\"  tonight, live from 9-10 pm on QVC http://bit.ly/aDdvKj", "created_at": "Fri Sep 17 18:55:21 +0000 2010", "retweet_count": 17, "in_reply_to_user_id_str": null, "favorite_count": 7, "is_retweet": false}, {"source": "Twitter Web Client", "id_str": "24673275254", "text": "Don't forget to tune in tonight for the two hour premiere of The Apprentice. 9 pm EST on NBC. We're all in for a fantastic new season!", "created_at": "Thu Sep 16 15:25:36 +0000 2010", "retweet_count": 51, "in_reply_to_user_id_str": null, "favorite_count": 9, "is_retweet": false}, {"source": "Twitter Web Client", "id_str": "24570735633", "text": "Eric did a great job with his Eric Trump Foundation annual charity outing. I'm proud of him.  http://bit.ly/c1y3c3", "created_at": "Wed Sep 15 13:43:30 +0000 2010", "retweet_count": 15, "in_reply_to_user_id_str": null, "favorite_count": 7, "is_retweet": false}, {"source": "Twitter Web Client", "id_str": "24508012246", "text": "I am very happy to have the civilian version of \"The Apprentice\" back on the air this fall. There will be excitement as well as opportunity.", "created_at": "Tue Sep 14 20:52:07 +0000 2010", "retweet_count": 47, "in_reply_to_user_id_str": null, "favorite_count": 14, "is_retweet": false}, {"source": "Twitter Web Client", "id_str": "24024630761", "text": "Coming up soon: The two hour premiere of The Apprentice. Next Thursday, September 16th, at 9  pm on NBC.    http://bit.ly/bMB4CH", "created_at": "Thu Sep 09 16:29:27 +0000 2010", "retweet_count": 38, "in_reply_to_user_id_str": null, "favorite_count": 10, "is_retweet": false}, {"source": "Twitter Web Client", "id_str": "23259108430", "text": "There's a lot going on at the Eric Trump Foundation ...  http://bit.ly/9rJ0sn", "created_at": "Tue Sep 07 18:07:27 +0000 2010", "retweet_count": 21, "in_reply_to_user_id_str": null, "favorite_count": 8, "is_retweet": false}, {"source": "Twitter Web Client", "id_str": "23249994601", "text": "I was invited by Caroline Wozniacki to sit with her family in her special box during her match at the U.S. Open yesterday. She's fantastic!", "created_at": "Tue Sep 07 16:06:32 +0000 2010", "retweet_count": 11, "in_reply_to_user_id_str": null, "favorite_count": 6, "is_retweet": false}, {"source": "Twitter Web Client", "id_str": "22812888292", "text": "Check out Trump International Hotel & Tower New York --spectacular! http://www.trump.com/Hotel_Collection/Trump_New_york/Trump_New_York.asp", "created_at": "Thu Sep 02 16:37:23 +0000 2010", "retweet_count": 21, "in_reply_to_user_id_str": null, "favorite_count": 10, "is_retweet": false}, {"source": "Twitter Web Client", "id_str": "22812121662", "text": "Check out Serta's Counting Sheep (and me) at the Trump International Hotel New York http://bit.ly/SertaRm9", "created_at": "Thu Sep 02 16:27:17 +0000 2010", "retweet_count": 16, "in_reply_to_user_id_str": null, "favorite_count": 1, "is_retweet": false}, {"source": "Twitter Web Client", "id_str": "22742724001", "text": "I'll be on The Late Show with David Letterman tonight--be sure to tune in for a great show. 11:30 pm on CBS.", "created_at": "Wed Sep 01 21:38:38 +0000 2010", "retweet_count": 46, "in_reply_to_user_id_str": null, "favorite_count": 5, "is_retweet": false}, {"source": "Twitter Web Client", "id_str": "22644749933", "text": "Went to the Yankees game last night with Bill O'Reilly--we had a great time watching the Yankees win!", "created_at": "Tue Aug 31 20:00:03 +0000 2010", "retweet_count": 44, "in_reply_to_user_id_str": null, "favorite_count": 26, "is_retweet": false}, {"source": "Twitter Web Client", "id_str": "22551244200", "text": "Spent a beautiful weekend golfing at Trump National Golf Club Westchester and Trump National Golf Club Bedminster.", "created_at": "Mon Aug 30 19:50:43 +0000 2010", "retweet_count": 17, "in_reply_to_user_id_str": null, "favorite_count": 8, "is_retweet": false}, {"source": "Twitter Web Client", "id_str": "22207798183", "text": "The Miss Universe Pageant raked in some great ratings!  A great job by everyone.", "created_at": "Thu Aug 26 20:42:57 +0000 2010", "retweet_count": 39, "in_reply_to_user_id_str": null, "favorite_count": 12, "is_retweet": false}, {"source": "Twitter Web Client", "id_str": "22003109005", "text": "Congratulations to Miss Mexico, Jimena Navarrete, our new Miss Universe 2010, and congratulations to everyone for a fantastic show.", "created_at": "Tue Aug 24 14:07:12 +0000 2010", "retweet_count": 193, "in_reply_to_user_id_str": null, "favorite_count": 32, "is_retweet": false}, {"source": "Twitter Web Client", "id_str": "21915730688", "text": "It's going to get hotter in Las Vegas tonight! Watch the Miss Universe Pageant tonight on NBC at 9 p.m. I'm looking forward to being there!", "created_at": "Mon Aug 23 13:55:10 +0000 2010", "retweet_count": 50, "in_reply_to_user_id_str": null, "favorite_count": 4, "is_retweet": false}, {"source": "Twitter Web Client", "id_str": "21601308367", "text": "Four more days until the Miss Universe Pageant. Be sure to tune in on Monday night at 9 p.m. on NBC--it will be an amazing show.", "created_at": "Thu Aug 19 19:15:36 +0000 2010", "retweet_count": 43, "in_reply_to_user_id_str": null, "favorite_count": 5, "is_retweet": false}, {"source": "Twitter Web Client", "id_str": "21598934653", "text": "The original Apprentice returns with a two hour premiere on Thursday September 16th. Looking forward to a fantastic season!", "created_at": "Thu Aug 19 18:35:42 +0000 2010", "retweet_count": 56, "in_reply_to_user_id_str": null, "favorite_count": 9, "is_retweet": false}, {"source": "Twitter Web Client", "id_str": "21004697973", "text": "So don't forget to enter the Serta Counting Sheep for Hire contest!  www.youtube.com/user/mattressserta", "created_at": "Thu Aug 12 20:55:12 +0000 2010", "retweet_count": 54, "in_reply_to_user_id_str": null, "favorite_count": 41, "is_retweet": false}, {"source": "Twitter Web Client", "id_str": "21004551484", "text": "That trip would be to the Trump International Hotel Las Vegas...http://www.trump.com/Hotel_Collection/Trump_Las_Vegas/Trump_Las_Vegas.asp", "created_at": "Thu Aug 12 20:52:45 +0000 2010", "retweet_count": 9, "in_reply_to_user_id_str": null, "favorite_count": 1, "is_retweet": false}, {"source": "Twitter Web Client", "id_str": "21004329713", "text": "Friday is the last day to enter the Counting Sheep for Hire contest. Click here www.youtube.com/user/mattressserta and you could win a trip", "created_at": "Thu Aug 12 20:49:03 +0000 2010", "retweet_count": 17, "in_reply_to_user_id_str": null, "favorite_count": 5, "is_retweet": false}, {"source": "Twitter Web Client", "id_str": "21004161659", "text": "Check out the last webisode www.youtube.com/user/mattressserta in our 3 part series featuring me with Serta. Which one was your favorite?", "created_at": "Thu Aug 12 20:46:14 +0000 2010", "retweet_count": 7, "in_reply_to_user_id_str": null, "favorite_count": 3, "is_retweet": false}, {"source": "Twitter Web Client", "id_str": "21003563007", "text": "Check out the last webisode in our 3 part series featuring me with Serta. Which one was your favorite?  www.youtube.com/user/mattressserta", "created_at": "Thu Aug 12 20:35:41 +0000 2010", "retweet_count": 9, "in_reply_to_user_id_str": null, "favorite_count": 3, "is_retweet": false}, {"source": "Twitter Web Client", "id_str": "20980599529", "text": "Eric's Sept. 14th event will be held at Trump National Golf Club Westchester. http://www.trump.com/Golf_Clubs/Westchester/Westchester.asp", "created_at": "Thu Aug 12 14:46:08 +0000 2010", "retweet_count": 8, "in_reply_to_user_id_str": null, "favorite_count": 1, "is_retweet": false}, {"source": "Twitter Web Client", "id_str": "20708393094", "text": "Mark your calenders for August 23rd:  http://www.missuniverse.com/", "created_at": "Mon Aug 09 13:38:04 +0000 2010", "retweet_count": 38, "in_reply_to_user_id_str": null, "favorite_count": 5, "is_retweet": false}, {"source": "Twitter Web Client", "id_str": "20307691790", "text": "Performing live on the Miss Universe Pageant from the Mandalay Bay Resort & Casino will be Telemundo, Orianthi, John Legend and The Roots.", "created_at": "Wed Aug 04 14:19:20 +0000 2010", "retweet_count": 24, "in_reply_to_user_id_str": null, "favorite_count": 6, "is_retweet": false}, {"source": "Twitter Web Client", "id_str": "20307423177", "text": "The Miss Universe Pageant will be on August 23 (9-11 p.m. on NBC, ET) with Bret Michaels and Natalie Morales to co-host, live from Las Vegas", "created_at": "Wed Aug 04 14:15:22 +0000 2010", "retweet_count": 30, "in_reply_to_user_id_str": null, "favorite_count": 3, "is_retweet": false}, {"source": "Twitter Web Client", "id_str": "19918744500", "text": "Enter the contest....http://www.facebook.com/sertamattress...and stay at Trump International Hotel Las Vegas", "created_at": "Fri Jul 30 15:41:45 +0000 2010", "retweet_count": 22, "in_reply_to_user_id_str": null, "favorite_count": 4, "is_retweet": false}, {"source": "Twitter Web Client", "id_str": "19855387501", "text": "and stay at  the fantastic Trump International Hotel Las Vegas ...http://www.trump.com/Hotel_Collection/Trump_Las_Vegas/Trump_Las_Vegas.asp", "created_at": "Thu Jul 29 21:13:03 +0000 2010", "retweet_count": 15, "in_reply_to_user_id_str": null, "favorite_count": 2, "is_retweet": false}, {"source": "Twitter Web Client", "id_str": "19855081470", "text": "I'm helping the Serta Counting Sheep get back to work. Enter the contest http://www.facebook.com/sertamattress and win a trip to Las Vegas..", "created_at": "Thu Jul 29 21:07:57 +0000 2010", "retweet_count": 33, "in_reply_to_user_id_str": null, "favorite_count": 22, "is_retweet": false}, {"source": "Twitter Web Client", "id_str": "19854825601", "text": "Could this be my newest apprentice? http://www.youtube.com/user/MattressSerta ...Enter the contest .. .http://www.facebook.com/sertamattress", "created_at": "Thu Jul 29 21:03:44 +0000 2010", "retweet_count": 16, "in_reply_to_user_id_str": null, "favorite_count": 3, "is_retweet": false}, {"source": "Twitter Web Client", "id_str": "19000595542", "text": "I'm proud to accept the 2010 HollyRod Foundation Humanitarian Award from Holly Robinson Peete, who raised $700,000 on Celebrity Apprentice", "created_at": "Tue Jul 20 15:10:28 +0000 2010", "retweet_count": 74, "in_reply_to_user_id_str": null, "favorite_count": 12, "is_retweet": false}, {"source": "Twitter Web Client", "id_str": "18943266082", "text": "and yet another ...all of them are spectacular.  http://www.trump.com/Golf_Clubs/Westchester/Westchester.asp", "created_at": "Mon Jul 19 21:03:25 +0000 2010", "retweet_count": 5, "in_reply_to_user_id_str": null, "favorite_count": 1, "is_retweet": false}, {"source": "Twitter Web Client", "id_str": "18941891817", "text": "and here's another....http://www.trump.com/Golf_Clubs/Colts_Neck/Colts_Neck.asp", "created_at": "Mon Jul 19 20:36:04 +0000 2010", "retweet_count": 4, "in_reply_to_user_id_str": null, "favorite_count": 0, "is_retweet": false}, {"source": "Twitter Web Client", "id_str": "18941700846", "text": "Visited some very beautiful golf courses this weekend...this is one...http://www.trump.com/Golf_Clubs/Hudson_Valley/Hudson_Valley.asp", "created_at": "Mon Jul 19 20:29:52 +0000 2010", "retweet_count": 5, "in_reply_to_user_id_str": null, "favorite_count": 2, "is_retweet": false}, {"source": "Twitter Web Client", "id_str": "18531733257", "text": "George Steinbrenner was a great friend and a true legend. There will never be anyone like him in New York. We've lost a truly great man.", "created_at": "Wed Jul 14 16:28:28 +0000 2010", "retweet_count": 78, "in_reply_to_user_id_str": null, "favorite_count": 12, "is_retweet": false}, {"source": "Twitter Web Client", "id_str": "17872565508", "text": "The new edition of The Apprentice will be on Thursdays this fall at 10 pm ET---I'm putting people back to work!", "created_at": "Tue Jul 06 14:52:14 +0000 2010", "retweet_count": 39, "in_reply_to_user_id_str": null, "favorite_count": 5, "is_retweet": false}, {"source": "Twitter Web Client", "id_str": "17580961111", "text": "Due to popular demand, CNN will re-broadcast  the Larry King Live show I hosted in June, in which I interview Larry. Monday July 5, 9 pm CNN", "created_at": "Fri Jul 02 15:27:17 +0000 2010", "retweet_count": 22, "in_reply_to_user_id_str": null, "favorite_count": 8, "is_retweet": false}, {"source": "Twitter Web Client", "id_str": "17572473837", "text": "Wishing everyone a wonderful Independence Day weekend. We have a lot to be thankful for.", "created_at": "Fri Jul 02 13:41:07 +0000 2010", "retweet_count": 26, "in_reply_to_user_id_str": null, "favorite_count": 5, "is_retweet": false}, {"source": "Twitter Web Client", "id_str": "17494917112", "text": "Work is expected to begin today on my golf course in Scotland. It will be spectacular! http://bit.ly/blp1Tq", "created_at": "Thu Jul 01 14:11:25 +0000 2010", "retweet_count": 18, "in_reply_to_user_id_str": null, "favorite_count": 4, "is_retweet": false}, {"source": "Twitter Web Client", "id_str": "17254625071", "text": "\"Trading Shots with Donald Trump\"--a great article in the Wall Street Journal\nhttp://bit.ly/c9eZbq", "created_at": "Mon Jun 28 14:22:11 +0000 2010", "retweet_count": 22, "in_reply_to_user_id_str": null, "favorite_count": 9, "is_retweet": false}, {"source": "Twitter Web Client", "id_str": "16951303040", "text": "The Eric Trump Foundation has raised over $1,000,000 towards St. Jude Children's Research Hospital.  http://twitter.com/EricTrumpFdn", "created_at": "Thu Jun 24 18:44:46 +0000 2010", "retweet_count": 30, "in_reply_to_user_id_str": null, "favorite_count": 5, "is_retweet": false}, {"source": "Twitter Web Client", "id_str": "16781267906", "text": "Great job on the Larry King Live Gulf Telethon last night--$1.3 million was raised in 2 hours.", "created_at": "Tue Jun 22 16:09:28 +0000 2010", "retweet_count": 22, "in_reply_to_user_id_str": null, "favorite_count": 7, "is_retweet": false}, {"source": "Twitter Web Client", "id_str": "16700609758", "text": "For more information on tonight's two hour telethon, 8 to 10 p.m.:  http://twitter.com/kingsthings", "created_at": "Mon Jun 21 15:18:47 +0000 2010", "retweet_count": 13, "in_reply_to_user_id_str": null, "favorite_count": 3, "is_retweet": false}, {"source": "Twitter Web Client", "id_str": "16692957931", "text": "Tonight be sure to watch Melania and Ivanka on Larry King Live for a Celebrity Relief Telethon  http://larrykinglive.blogs.cnn.com/", "created_at": "Mon Jun 21 13:18:36 +0000 2010", "retweet_count": 17, "in_reply_to_user_id_str": null, "favorite_count": 3, "is_retweet": false}, {"source": "Twitter Web Client", "id_str": "16393566152", "text": "The Ultimate Merger:  http://www.nydailynews.com/entertainment/tv/2010/06/17/2010-06-17_omarosa_is_back_and_this_time_its_personal.html", "created_at": "Thu Jun 17 14:38:36 +0000 2010", "retweet_count": 15, "in_reply_to_user_id_str": null, "favorite_count": 5, "is_retweet": false}, {"source": "Twitter Web Client", "id_str": "16393424310", "text": "Tune in tonight at 9 pm on TV One for \"The Ultimate Merger\" starring the one and only Omarosa and twelve brave bachelors ...", "created_at": "Thu Jun 17 14:36:38 +0000 2010", "retweet_count": 19, "in_reply_to_user_id_str": null, "favorite_count": 15, "is_retweet": false}, {"source": "Twitter Web Client", "id_str": "16225838646", "text": "And Trump SoHo New York is one of the hottest new hotels anywhere.... http://www.trump.com/Hotel_Collection/Trump_SoHo/Trump_SoHo.asp", "created_at": "Tue Jun 15 13:51:53 +0000 2010", "retweet_count": 16, "in_reply_to_user_id_str": null, "favorite_count": 4, "is_retweet": false}, {"source": "Twitter Web Client", "id_str": "16225665355", "text": "Had a fantastic dinner last night at Quattro, in the Trump SoHo Hotel. It's already one of the hottest new restaurants in the city.", "created_at": "Tue Jun 15 13:49:20 +0000 2010", "retweet_count": 11, "in_reply_to_user_id_str": null, "favorite_count": 3, "is_retweet": false}, {"source": "Twitter Web Client", "id_str": "15860673821", "text": "WSJ covers Ride of Fame http://online.wsj.com/article/SB10001424052748704575304575297082506166258.html?mod=WSJ_NY_RealEstate_MIDDLE_LSMini", "created_at": "Thu Jun 10 16:10:39 +0000 2010", "retweet_count": 8, "in_reply_to_user_id_str": null, "favorite_count": 3, "is_retweet": false}, {"source": "Twitter Web Client", "id_str": "15782670445", "text": "Rima Fakih, our beautiful Miss USA, rode with me on the Gray Line Ride of Fame yesterday... \n http://www.missuniverse.com/missusa", "created_at": "Wed Jun 09 13:46:06 +0000 2010", "retweet_count": 7, "in_reply_to_user_id_str": null, "favorite_count": 2, "is_retweet": false}, {"source": "Twitter Web Client", "id_str": "15780161325", "text": "Check out Gray Line's site for the Donald Trump Ride of Fame... http://www.newyorksightseeing.com/", "created_at": "Wed Jun 09 13:03:30 +0000 2010", "retweet_count": 6, "in_reply_to_user_id_str": null, "favorite_count": 4, "is_retweet": false}, {"source": "Twitter Web Client", "id_str": "15725359599", "text": "I am honored to be chosen by Gray Line for their NY Ride of Fame Campaign. Today we had the ribbon cutting ceremony in front of Trump Tower.", "created_at": "Tue Jun 08 18:55:19 +0000 2010", "retweet_count": 8, "in_reply_to_user_id_str": null, "favorite_count": 4, "is_retweet": false}, {"source": "Twitter Web Client", "id_str": "15518022208", "text": "Tonight I trade places with Larry King @kingsthings and interview him on the 25th anniversary of his show. 9PM on CNN featuring best clips.", "created_at": "Sat Jun 05 23:33:42 +0000 2010", "retweet_count": 25, "in_reply_to_user_id_str": null, "favorite_count": 4, "is_retweet": false}, {"source": "Twitter Web Client", "id_str": "15433442939", "text": "Be sure to watch the Larry King Show tomorrow night on CNN, 9 p.m. I'll be the host, Larry the guest. http://larrykinglive.blogs.cnn.com/", "created_at": "Fri Jun 04 18:08:49 +0000 2010", "retweet_count": 18, "in_reply_to_user_id_str": null, "favorite_count": 3, "is_retweet": false}, {"source": "Twitter Web Client", "id_str": "15418820627", "text": "Checking out the course at TNGC Westchester and it is fantastic. Should be a great season. http://www.trumpnationalwestchester.com/", "created_at": "Fri Jun 04 14:22:41 +0000 2010", "retweet_count": 8, "in_reply_to_user_id_str": null, "favorite_count": 1, "is_retweet": false}, {"source": "Twitter Web Client", "id_str": "15275512684", "text": "I'll be turning the table on Larry King this Saturday night.  I'll be interviewing him in honor of the 25th Anniversary of his show.", "created_at": "Wed Jun 02 20:37:49 +0000 2010", "retweet_count": 24, "in_reply_to_user_id_str": null, "favorite_count": 8, "is_retweet": false}, {"source": "Twitter Web Client", "id_str": "14917052148", "text": "Wishing everyone a Happy Memorial Day Weekend, with a special thought for all the veterans who have done so much for our freedom.", "created_at": "Fri May 28 16:24:40 +0000 2010", "retweet_count": 37, "in_reply_to_user_id_str": null, "favorite_count": 6, "is_retweet": false}, {"source": "Twitter Web Client", "id_str": "14848387814", "text": "The Dunes here are amazing, and  they're how I learned about geomorphology, which is the study of movement landforms. We've had a great trip", "created_at": "Thu May 27 17:24:31 +0000 2010", "retweet_count": 10, "in_reply_to_user_id_str": null, "favorite_count": 1, "is_retweet": false}, {"source": "Twitter Web Client", "id_str": "14785010269", "text": "The North Coast of Scotland is spectacular--the sea, the sand dunes, the rolling bluffs--we walked the course and it is fantastic.", "created_at": "Wed May 26 19:59:58 +0000 2010", "retweet_count": 12, "in_reply_to_user_id_str": null, "favorite_count": 3, "is_retweet": false}, {"source": "Twitter Web Client", "id_str": "14764340745", "text": "Scotland is beautiful. I spent several years looking for the right place, visiting over 200 sites, and this is absolutely the right place!", "created_at": "Wed May 26 13:51:37 +0000 2010", "retweet_count": 18, "in_reply_to_user_id_str": null, "favorite_count": 4, "is_retweet": false}, {"source": "Twitter Web Client", "id_str": "14700122010", "text": "The ratings for the Celebrity Apprentice were fantastic and everyone had a great time. It was a terrific season -- congrats to everyone!", "created_at": "Tue May 25 15:31:07 +0000 2010", "retweet_count": 9, "in_reply_to_user_id_str": null, "favorite_count": 5, "is_retweet": false}, {"source": "Twitter Web Client", "id_str": "14691984203", "text": "Ivanka caught up with Bret and Holly backstage. Both Bret and Holly were champions all the way.   http://bit.ly/ckmKKU", "created_at": "Tue May 25 13:16:32 +0000 2010", "retweet_count": 10, "in_reply_to_user_id_str": null, "favorite_count": 4, "is_retweet": false}, {"source": "Twitter Web Client", "id_str": "14628551705", "text": "Congratulations to Bret Michaels, the new Celebrity Apprentice. Bret's a true champion, all of us were happy to see him and to see him win!", "created_at": "Mon May 24 15:03:21 +0000 2010", "retweet_count": 45, "in_reply_to_user_id_str": null, "favorite_count": 9, "is_retweet": false}, {"source": "Twitter Web Client", "id_str": "14429237277", "text": "Who's your pick--@bretmichaels or @hollyrpeete ? Vote now on Ivanka's new Facebook page! http://ow.ly/1NfMt", "created_at": "Fri May 21 13:54:57 +0000 2010", "retweet_count": 7, "in_reply_to_user_id_str": null, "favorite_count": 4, "is_retweet": false}, {"source": "Twitter Web Client", "id_str": "14371483646", "text": "The latest update on Bret Michaels is that he's making every effort to attend the live finale of Celebrity Apprentice on Sunday--so tune in!", "created_at": "Thu May 20 16:22:40 +0000 2010", "retweet_count": 15, "in_reply_to_user_id_str": null, "favorite_count": 3, "is_retweet": false}, {"source": "Twitter Web Client", "id_str": "14364932158", "text": "Check out Ivanka's new FaceBook page and keep up with what's happening--from The Celebrity Apprentice, to jewlery to free tickets and more..", "created_at": "Thu May 20 14:33:59 +0000 2010", "retweet_count": 12, "in_reply_to_user_id_str": null, "favorite_count": 1, "is_retweet": false}, {"source": "Twitter Web Client", "id_str": "14305093521", "text": "Put  this on your calendar: The Celebrity Apprentice live finale is this Sunday at 9 p.m. on NBC. Who will be the next Celebrity Apprentice?", "created_at": "Wed May 19 16:58:56 +0000 2010", "retweet_count": 18, "in_reply_to_user_id_str": null, "favorite_count": 3, "is_retweet": false}, {"source": "Twitter Web Client", "id_str": "14171725850", "text": "Congratulations to our new Miss USA,  the beautiful Rima Fakih.  Rima will represent us well at Miss Universe and be a wonderful Miss USA .", "created_at": "Mon May 17 16:48:39 +0000 2010", "retweet_count": 117, "in_reply_to_user_id_str": null, "favorite_count": 188, "is_retweet": false}, {"source": "Twitter Web Client", "id_str": "13936645875", "text": "Looking forward to the 2010 Miss USA Pageant, Sunday May 16 on NBC, 7 p.m. ET, hosted by Curtis Stone & Natalie Morales live from Las Vegas.", "created_at": "Thu May 13 21:53:45 +0000 2010", "retweet_count": 13, "in_reply_to_user_id_str": null, "favorite_count": 3, "is_retweet": false}, {"source": "Twitter Web Client", "id_str": "13444373897", "text": "We're all very happy to hear of Bret Michael's progress and send our best wishes for his full recovery.", "created_at": "Wed May 05 19:57:24 +0000 2010", "retweet_count": 36, "in_reply_to_user_id_str": null, "favorite_count": 7, "is_retweet": false}, {"source": "Twitter Web Client", "id_str": "13314652289", "text": "Providing backstage commentary at the Miss USA Pageant will be comedic mother-daughter duo Joan and Melissa Rivers. A fantastic lineup!", "created_at": "Mon May 03 16:43:27 +0000 2010", "retweet_count": 6, "in_reply_to_user_id_str": null, "favorite_count": 4, "is_retweet": false}, {"source": "Twitter Web Client", "id_str": "13314425371", "text": "Also appearing on the Miss USA Pageant will be Country Superstar Trace Adkins and Pop Rock Sensation Boys Like Girls...", "created_at": "Mon May 03 16:38:31 +0000 2010", "retweet_count": 8, "in_reply_to_user_id_str": null, "favorite_count": 10, "is_retweet": false}, {"source": "Twitter Web Client", "id_str": "13314283231", "text": "Looking forward to the 2010 Miss USA Pageant, Sunday May 16 on NBC, 7 p.m. ET,  hosted by Curtis Stone and Natalie Morales.", "created_at": "Mon May 03 16:35:23 +0000 2010", "retweet_count": 10, "in_reply_to_user_id_str": null, "favorite_count": 3, "is_retweet": false}, {"source": "Twitter Web Client", "id_str": "13136246779", "text": "Be sure to look for my beautiful wife Melania Trump tonight on QVC at 9 pm ET where she will be debuting her fantastic jewelry collection.", "created_at": "Fri Apr 30 15:53:32 +0000 2010", "retweet_count": 14, "in_reply_to_user_id_str": null, "favorite_count": 2, "is_retweet": false}, {"source": "Twitter Web Client", "id_str": "13074208628", "text": "Melania will be on QVC tomorrow night at 9 p.m. ET to introduce her beautiful and inspiring Melania Timepieces & Fashion Jewelry collection.", "created_at": "Thu Apr 29 15:22:03 +0000 2010", "retweet_count": 21, "in_reply_to_user_id_str": null, "favorite_count": 12, "is_retweet": false}, {"source": "Twitter Web Client", "id_str": "13008593779", "text": "Melania and I will be appearing on Larry King Live tonight, 9 p.m. on CNN. Be sure to tune in for some great conversation!", "created_at": "Wed Apr 28 14:13:32 +0000 2010", "retweet_count": 12, "in_reply_to_user_id_str": null, "favorite_count": 3, "is_retweet": false}, {"source": "Twitter Web Client", "id_str": "12884286007", "text": "Our thoughts and prayers remain with Bret Michaels and his family and for his speedy recovery.", "created_at": "Mon Apr 26 13:58:13 +0000 2010", "retweet_count": 59, "in_reply_to_user_id_str": null, "favorite_count": 11, "is_retweet": false}, {"source": "Twitter Web Client", "id_str": "12707966134", "text": "To put on your calendar for May: Miss USA 2010, live from Las Vegas on May 16th, 7 p.m. ET on NBC. I'll be there--tune in for a great show!", "created_at": "Fri Apr 23 15:22:08 +0000 2010", "retweet_count": 25, "in_reply_to_user_id_str": null, "favorite_count": 3, "is_retweet": false}, {"source": "Twitter Web Client", "id_str": "12642103351", "text": "Melania and I will be appearing on The View tomorrow at 11 a.m. on CBS. Tune in for some great fun!", "created_at": "Thu Apr 22 14:31:53 +0000 2010", "retweet_count": 19, "in_reply_to_user_id_str": null, "favorite_count": 5, "is_retweet": false}, {"source": "Twitter Web Client", "id_str": "12580081834", "text": "Melania and I saw American Idiot on Broadway last night and it was great. An amazing  theatrical experience!", "created_at": "Wed Apr 21 14:43:32 +0000 2010", "retweet_count": 3257, "in_reply_to_user_id_str": null, "favorite_count": 4559, "is_retweet": false}, {"source": "Twitter Web Client", "id_str": "12535153342", "text": "Tune in to The Marriage Ref onThursday night at 10 p.m. on NBC--I'm on the panel of experts along with Gloria Estefan & Adam Carolla.", "created_at": "Tue Apr 20 20:12:33 +0000 2010", "retweet_count": 66, "in_reply_to_user_id_str": null, "favorite_count": 56, "is_retweet": false}, {"source": "Twitter Web Client", "id_str": "12290268118", "text": "On Sunday, Jerome Bettis 'the bus' from the Pittsburgh Steelers will play at Trump Int'l Golf Club/Palm Beach against Julius Erving 'Dr J'", "created_at": "Fri Apr 16 15:55:06 +0000 2010", "retweet_count": 8, "in_reply_to_user_id_str": null, "favorite_count": 3, "is_retweet": false}, {"source": "Twitter Web Client", "id_str": "12183298109", "text": "\"Before Kids Can Go Places, They Need a Place To Go\" -- the motto of The Police Athletic League, an organization I'm  very proud to support", "created_at": "Wed Apr 14 20:49:24 +0000 2010", "retweet_count": 20, "in_reply_to_user_id_str": null, "favorite_count": 4, "is_retweet": false}, {"source": "Twitter Web Client", "id_str": "12104502409", "text": "Looking forward to seeing the World Champion Yankees today on opening day!", "created_at": "Tue Apr 13 13:49:15 +0000 2010", "retweet_count": 49, "in_reply_to_user_id_str": null, "favorite_count": 22, "is_retweet": false}, {"source": "Twitter Web Client", "id_str": "12057473512", "text": "The premiere of \"Donald J. Trump's Fabulous World of Golf\" is tomorrow night at 9 p.m.\nET on Golf Channel. Tune in for a great adventure!", "created_at": "Mon Apr 12 17:37:43 +0000 2010", "retweet_count": 9, "in_reply_to_user_id_str": null, "favorite_count": 3, "is_retweet": false}, {"source": "Twitter Web Client", "id_str": "11889453121", "text": "This is a terrific day for downtown New York. Trump SoHo is unlike anything else. Be sure to visit this fantastic hotel soon!", "created_at": "Fri Apr 09 16:36:36 +0000 2010", "retweet_count": 10, "in_reply_to_user_id_str": null, "favorite_count": 5, "is_retweet": false}, {"source": "Twitter Web Client", "id_str": "11782136751", "text": "Trump SoHo opens this Friday and it is fantastic! Check out the Trump Hotel Collection...\nhttp://www.trump.com/", "created_at": "Wed Apr 07 19:23:18 +0000 2010", "retweet_count": 10, "in_reply_to_user_id_str": null, "favorite_count": 2, "is_retweet": false}, {"source": "Twitter Web Client", "id_str": "11710963303", "text": "My bestselling book from last April, Think Like a Champion, is now available in paperback. It's inspiring, entertaining, and a great read.", "created_at": "Tue Apr 06 18:08:19 +0000 2010", "retweet_count": 13, "in_reply_to_user_id_str": null, "favorite_count": 2, "is_retweet": false}, {"source": "Twitter Web Client", "id_str": "11701179384", "text": "Then we attended the Scottish fashion show that benefits veterans, Dressed to Kilt 2010, which I co-hosted with Sir Sean and Lady Connery.", "created_at": "Tue Apr 06 14:34:20 +0000 2010", "retweet_count": 8, "in_reply_to_user_id_str": null, "favorite_count": 2, "is_retweet": false}, {"source": "Twitter Web Client", "id_str": "11698350863", "text": "Last night Melania and I attended the Skating with the Stars Gala at Wollman Rink in Central Park, it was fantastic. Stay tuned for Part 2..", "created_at": "Tue Apr 06 13:33:50 +0000 2010", "retweet_count": 3, "in_reply_to_user_id_str": null, "favorite_count": 3, "is_retweet": false}, {"source": "Twitter Web Client", "id_str": "11439299597", "text": "Today's open call drew thousands of  eager applicants. It was an impressive group,  I enjoyed meeting them. We've got some great candidates!", "created_at": "Thu Apr 01 18:51:10 +0000 2010", "retweet_count": 8, "in_reply_to_user_id_str": null, "favorite_count": 3, "is_retweet": false}, {"source": "Twitter Web Client", "id_str": "11366768299", "text": "Don't forget the open call at Trump Tower tomorrow for The Apprentice. I look forward to seeing you there.", "created_at": "Wed Mar 31 13:41:15 +0000 2010", "retweet_count": 19, "in_reply_to_user_id_str": null, "favorite_count": 4, "is_retweet": false}, {"source": "Twitter Web Client", "id_str": "11266002473", "text": "The NYC casting call for The Apprentice is thisThursday, April 1 at Trump Tower. For all the information you need, go to NBC.com/casting.", "created_at": "Mon Mar 29 19:31:25 +0000 2010", "retweet_count": 12, "in_reply_to_user_id_str": null, "favorite_count": 7, "is_retweet": false}, {"source": "Twitter Web Client", "id_str": "10988912416", "text": "The original Apprentice is coming back--do you have what it takes to be the next Apprentice? For casting details: http://tinyurl.com/yly2c8u", "created_at": "Wed Mar 24 17:13:37 +0000 2010", "retweet_count": 46, "in_reply_to_user_id_str": null, "favorite_count": 14, "is_retweet": false}, {"source": "Twitter Web Client", "id_str": "10932826995", "text": "The Trump Hotel Collection is currently nominated for Conde Nast Traveler Readers Choice Awards, Travel & Leisure and World Travel Awards.", "created_at": "Tue Mar 23 16:26:23 +0000 2010", "retweet_count": 13, "in_reply_to_user_id_str": null, "favorite_count": 5, "is_retweet": false}, {"source": "Twitter Web Client", "id_str": "10723856371", "text": "Last week's episode of the Celebrity Apprentice set the stage for a great new season. Tune in this Sunday on NBC for even more excitement.", "created_at": "Fri Mar 19 14:08:33 +0000 2010", "retweet_count": 9, "in_reply_to_user_id_str": null, "favorite_count": 2, "is_retweet": false}, {"source": "Twitter Web Client", "id_str": "10683036402", "text": "I am happy to announce that theoriginal Apprentice --which will offer job opportunities to those in need--is coming back.", "created_at": "Thu Mar 18 18:17:47 +0000 2010", "retweet_count": 45, "in_reply_to_user_id_str": null, "favorite_count": 9, "is_retweet": false}, {"source": "Twitter Web Client", "id_str": "10625708767", "text": "Olympic Gold  Medalist Evan Lysacek just left my office. He is in town and wanted to meet me--he's a fanastic guy and a true champion.", "created_at": "Wed Mar 17 15:14:13 +0000 2010", "retweet_count": 13, "in_reply_to_user_id_str": null, "favorite_count": 7, "is_retweet": false}, {"source": "Twitter Web Client", "id_str": "10528960360", "text": "The new season of the Celebrity Apprentice is off to a great start-- last night it swept the 10 p.m. hour in every key demographic.", "created_at": "Mon Mar 15 18:21:52 +0000 2010", "retweet_count": 23, "in_reply_to_user_id_str": null, "favorite_count": 5, "is_retweet": false}, {"source": "Twitter Web Client", "id_str": "10388634535", "text": "The Celebrity Apprentice has a two-hour premiere this Sunday, March 14th, at 9 p.m. on NBC. This will be the best season yet, see you then!", "created_at": "Fri Mar 12 20:30:52 +0000 2010", "retweet_count": 23, "in_reply_to_user_id_str": null, "favorite_count": 7, "is_retweet": false}, {"source": "Twitter Web Client", "id_str": "10027087487", "text": "From Donald Trump: Andrea Bocelli @ Mar-a-Lago - Many say best night of entertainment in long history of Palm Beach http://bit.ly/2fNgOz", "created_at": "Fri Mar 05 14:51:32 +0000 2010", "retweet_count": 7, "in_reply_to_user_id_str": null, "favorite_count": 6, "is_retweet": false}, {"source": "Twitter Web Client", "id_str": "9696989458", "text": "From Donald Trump: \u201cI\u2019m so proud of my wife Melania and the launch of her new jewelry line, to debut on QVC on April 30th at 9 p.m.\u201d", "created_at": "Fri Feb 26 21:18:26 +0000 2010", "retweet_count": 25, "in_reply_to_user_id_str": null, "favorite_count": 21, "is_retweet": false}, {"source": "Twitter Web Client", "id_str": "8975219053", "text": "Donald Trump appeared on the final episode of The Jay Leno Show to deliver a very special message: http://bit.ly/cv1En7", "created_at": "Thu Feb 11 19:57:36 +0000 2010", "retweet_count": 16, "in_reply_to_user_id_str": null, "favorite_count": 3, "is_retweet": false}, {"source": "Twitter Web Client", "id_str": "8905123688", "text": "Donald Trump appearing today on CNN International\u2019s \u2018Connect the World\u2019 as \u2018Connector of the Day\u2019. Submit questions: http://bit.ly/bPiP7T", "created_at": "Wed Feb 10 15:17:56 +0000 2010", "retweet_count": 7, "in_reply_to_user_id_str": null, "favorite_count": 1, "is_retweet": false}, {"source": "Twitter Web Client", "id_str": "8770493686", "text": "Superbowl Sunday is a great American tradition. The Colts and Saints are already champions, but may the best team win!", "created_at": "Sun Feb 07 16:54:42 +0000 2010", "retweet_count": 16, "in_reply_to_user_id_str": null, "favorite_count": 3, "is_retweet": false}, {"source": "Twitter Web Client", "id_str": "8083871612", "text": "Golf Channel & Donald Trump's World of Golf host a Celebrity Match 1/25 @ TNGC LA, CA - Mark Wahlberg vs. Kevin Dillon http://bit.ly/4MubN6", "created_at": "Fri Jan 22 20:51:00 +0000 2010", "retweet_count": 12, "in_reply_to_user_id_str": null, "favorite_count": 1, "is_retweet": false}, {"source": "Twitter Web Client", "id_str": "8033746720", "text": "from Donald Trump: \"I saw Lady Gaga last night and she was fantastic!\"", "created_at": "Thu Jan 21 16:58:43 +0000 2010", "retweet_count": 3813, "in_reply_to_user_id_str": null, "favorite_count": 3223, "is_retweet": false}, {"source": "Twitter Web Client", "id_str": "7793032738", "text": "Trump Tycoon App for iPhone & iPod Touch - It's $2.99 but the advice is priceless! http://bit.ly/UGUF0", "created_at": "Fri Jan 15 16:28:02 +0000 2010", "retweet_count": 23, "in_reply_to_user_id_str": null, "favorite_count": 20, "is_retweet": false}, {"source": "Twitter Web Client", "id_str": "7677152231", "text": "Celebrity Apprentice returns to NBC, Sunday, 3/14, 9-11PM ET/PT. Outstanding list of celebrities & season should be the best one yet!", "created_at": "Tue Jan 12 18:05:08 +0000 2010", "retweet_count": 20, "in_reply_to_user_id_str": null, "favorite_count": 3, "is_retweet": false}]