[{"source": "Twitter Web Client", "id_str": "6971079756", "text": "From Donald Trump: Wishing everyone a wonderful holiday & a happy, healthy, prosperous New Year. Let\u2019s think like champions in 2010!", "created_at": "Wed Dec 23 17:38:18 +0000 2009", "retweet_count": 28, "in_reply_to_user_id_str": null, "favorite_count": 12, "is_retweet": false}, {"source": "Twitter Web Client", "id_str": "6312794445", "text": "Trump International Tower in Chicago ranked 6th tallest building in world by Council on Tall Buildings & Urban Habitat http://bit.ly/sqvQq", "created_at": "Thu Dec 03 19:39:09 +0000 2009", "retweet_count": 33, "in_reply_to_user_id_str": null, "favorite_count": 6, "is_retweet": false}, {"source": "Twitter Web Client", "id_str": "6090839867", "text": "Wishing you and yours a very Happy and Bountiful Thanksgiving!", "created_at": "Thu Nov 26 19:55:38 +0000 2009", "retweet_count": 13, "in_reply_to_user_id_str": null, "favorite_count": 11, "is_retweet": false}, {"source": "Twitter Web Client", "id_str": "5775731054", "text": "Donald Trump Partners with TV1 on New Reality Series Entitled, Omarosa's Ultimate Merger: http://tinyurl.com/yk5m3lc", "created_at": "Mon Nov 16 21:06:10 +0000 2009", "retweet_count": 5, "in_reply_to_user_id_str": null, "favorite_count": 3, "is_retweet": false}, {"source": "Twitter Web Client", "id_str": "5364614040", "text": "--Work has begun, ahead of schedule, to build the greatest golf course in history: Trump International \u2013 Scotland.", "created_at": "Mon Nov 02 14:57:56 +0000 2009", "retweet_count": 7, "in_reply_to_user_id_str": null, "favorite_count": 6, "is_retweet": false}, {"source": "Twitter Web Client", "id_str": "5203117820", "text": "--From Donald Trump: \"Ivanka and Jared\u2019s wedding was spectacular, and they make a beautiful couple. I\u2019m a very proud father.\"", "created_at": "Tue Oct 27 15:31:48 +0000 2009", "retweet_count": 4, "in_reply_to_user_id_str": null, "favorite_count": 5, "is_retweet": false}, {"source": "Twitter Web Client", "id_str": "5069623974", "text": "Hear Donald Trump discuss big gov spending, banks, & taxes on Your World w/Neil Cavuto: http://tinyurl.com/yhnzd7p", "created_at": "Thu Oct 22 13:57:04 +0000 2009", "retweet_count": 2, "in_reply_to_user_id_str": null, "favorite_count": 2, "is_retweet": false}, {"source": "Twitter Web Client", "id_str": "4862580190", "text": "Watch video of Ivanka Trump sharing business advice with 4 entrepreneurial women on GMA: http://tinyurl.com/yk6hlfo", "created_at": "Wed Oct 14 14:13:17 +0000 2009", "retweet_count": 4, "in_reply_to_user_id_str": null, "favorite_count": 10, "is_retweet": false}, {"source": "Twitter Web Client", "id_str": "4629116949", "text": "- Read what Donald Trump has to say about daughter Ivanka's upcoming new book, The Trump Card: http://tinyurl.com/ycsqmda", "created_at": "Mon Oct 05 14:37:38 +0000 2009", "retweet_count": 1, "in_reply_to_user_id_str": null, "favorite_count": 4, "is_retweet": false}, {"source": "Twitter Web Client", "id_str": "4472353826", "text": "\"A lot of people have imagination, but can't execute--you have to execute with the imagination.\" --Donald J. Trump http://tinyurl.com/pqpfvm", "created_at": "Tue Sep 29 15:28:23 +0000 2009", "retweet_count": 23, "in_reply_to_user_id_str": null, "favorite_count": 30, "is_retweet": false}, {"source": "Twitter Web Client", "id_str": "3982428551", "text": "Read Donald Trump's Top Ten Tips for Success: http://tinyurl.com/mcn8yl", "created_at": "Mon Sep 14 15:50:14 +0000 2009", "retweet_count": 22, "in_reply_to_user_id_str": null, "favorite_count": 30, "is_retweet": false}, {"source": "Twitter Web Client", "id_str": "3688564134", "text": "- More hysterical DSRL videos featuring Donald Trump and \"Double Trump\" plus enter Golden Lick Race Sweepstakes: http://tinyurl.com/6asujj", "created_at": "Tue Sep 01 13:55:34 +0000 2009", "retweet_count": 7, "in_reply_to_user_id_str": null, "favorite_count": 6, "is_retweet": false}, {"source": "Twitter Web Client", "id_str": "3627328938", "text": "- Donald Trump bids to buy the Oreo Double Stuf Racing League. Check it out: http://www.nabiscoworld.com/oreo/dsrl/home.aspx", "created_at": "Sat Aug 29 16:23:56 +0000 2009", "retweet_count": 5, "in_reply_to_user_id_str": null, "favorite_count": 3, "is_retweet": false}, {"source": "Twitter Web Client", "id_str": "3498743628", "text": "Reminder: The Miss Universe competition will be LIVE from the Bahamas - Tonight @ 9pm (EST) on NBC: http://tinyurl.com/mrzad9", "created_at": "Sun Aug 23 21:12:37 +0000 2009", "retweet_count": 1, "in_reply_to_user_id_str": null, "favorite_count": 4, "is_retweet": false}, {"source": "Twitter Web Client", "id_str": "3450626731", "text": "Watch the Miss Universe competition LIVE from the Bahamas - Sunday, 8/23 @ 9pm (ET) on NBC: http://tinyurl.com/mrzad9", "created_at": "Fri Aug 21 14:32:45 +0000 2009", "retweet_count": 1, "in_reply_to_user_id_str": null, "favorite_count": 3, "is_retweet": false}, {"source": "Twitter Web Client", "id_str": "3427503309", "text": "-- Watch Donald Trump's recent appearance on The Late Show with David Letterman: http://tinyurl.com/klts6b", "created_at": "Thu Aug 20 13:43:22 +0000 2009", "retweet_count": 1, "in_reply_to_user_id_str": null, "favorite_count": 5, "is_retweet": false}, {"source": "Twitter Web Client", "id_str": "3308367056", "text": "Ivanka is now on Twitter - You can follow her @IvankaTrump - Have a terrific weekend!", "created_at": "Fri Aug 14 14:33:46 +0000 2009", "retweet_count": 11, "in_reply_to_user_id_str": null, "favorite_count": 15, "is_retweet": false}, {"source": "Twitter Web Client", "id_str": "3246382217", "text": "\"Think. That\u2019s the first step. Use all your power to utilize and develop that capability\" --Donald J. Trump http://tinyurl.com/pqpfvm", "created_at": "Tue Aug 11 14:50:47 +0000 2009", "retweet_count": 6, "in_reply_to_user_id_str": null, "favorite_count": 14, "is_retweet": false}, {"source": "Twitter Web Client", "id_str": "3124382438", "text": "Browse Donald Trump's Summer Reading List for Business Success at the Trump University Blog: http://tinyurl.com/n5468r", "created_at": "Tue Aug 04 13:50:58 +0000 2009", "retweet_count": 28, "in_reply_to_user_id_str": null, "favorite_count": 14, "is_retweet": false}, {"source": "Twitter Web Client", "id_str": "2891870497", "text": "Check out a list of Donald Trump's books for summer reading at the Trump University Blog: http://tinyurl.com/knyswt", "created_at": "Tue Jul 28 15:50:31 +0000 2009", "retweet_count": 22, "in_reply_to_user_id_str": null, "favorite_count": 19, "is_retweet": false}, {"source": "Twitter Web Client", "id_str": "2779566791", "text": "Congrats to winners from around the world who entered the \"Think Like A Champion\" signed book/keychain contest! http://tinyurl.com/pqpfvm", "created_at": "Wed Jul 22 15:32:52 +0000 2009", "retweet_count": 2, "in_reply_to_user_id_str": null, "favorite_count": 3, "is_retweet": false}, {"source": "Twitter Web Client", "id_str": "2650952843", "text": "Donald Trump backs 'Apprentice' Randal Pinkett for N.J. Lieutenant Governor: http://tinyurl.com/mvovzb", "created_at": "Wed Jul 15 13:40:35 +0000 2009", "retweet_count": 1, "in_reply_to_user_id_str": null, "favorite_count": 2, "is_retweet": false}, {"source": "Twitter Web Client", "id_str": "2614325575", "text": "\"Be aware of things that seem inexplicable because they can be a big step towards innovation.\" --Donald J. Trump http://tinyurl.com/pqpfvm", "created_at": "Mon Jul 13 14:03:38 +0000 2009", "retweet_count": 6, "in_reply_to_user_id_str": null, "favorite_count": 15, "is_retweet": false}, {"source": "Twitter Web Client", "id_str": "2475429091", "text": "Here's to a safe and happy Independence Day for one and all - Enjoy it! --Donald J. Trump", "created_at": "Sat Jul 04 23:19:56 +0000 2009", "retweet_count": 3, "in_reply_to_user_id_str": null, "favorite_count": 2, "is_retweet": false}, {"source": "Twitter Web Client", "id_str": "2403435685", "text": "Watch a powerful and frank interview with Donald Trump about the economy on Greta Van Susteren's On The Record: http://tinyurl.com/mmjked", "created_at": "Tue Jun 30 13:32:59 +0000 2009", "retweet_count": 1, "in_reply_to_user_id_str": null, "favorite_count": 1, "is_retweet": false}, {"source": "Twitter Web Client", "id_str": "2346367430", "text": "RE: Michael Jackson: \"He was a great friend and a spectacular entertainer. It\u2019s a devastating loss!\" -Donald J. Trump", "created_at": "Fri Jun 26 16:51:16 +0000 2009", "retweet_count": 34, "in_reply_to_user_id_str": null, "favorite_count": 88, "is_retweet": false}, {"source": "Twitter Web Client", "id_str": "2317112756", "text": "Donald Trump\u2019s commercial-free WWE Raw does big rating: http://tinyurl.com/nxvquo", "created_at": "Wed Jun 24 22:09:19 +0000 2009", "retweet_count": 4, "in_reply_to_user_id_str": null, "favorite_count": 0, "is_retweet": false}, {"source": "Twitter Web Client", "id_str": "2294519255", "text": "\u201cExpand your life every day.\u201d \u2013Donald J. Trump http://tinyurl.com/pqpfvm", "created_at": "Tue Jun 23 13:40:38 +0000 2009", "retweet_count": 4, "in_reply_to_user_id_str": null, "favorite_count": 9, "is_retweet": false}, {"source": "Twitter Web Client", "id_str": "2266041769", "text": "- Wishing a Happy Father's Day to all the Dad's out there - YOU are a champion today and everyday! http://tinyurl.com/kn95ju", "created_at": "Sun Jun 21 14:47:41 +0000 2009", "retweet_count": 1, "in_reply_to_user_id_str": null, "favorite_count": 0, "is_retweet": false}, {"source": "Twitter Web Client", "id_str": "2222067805", "text": "RE: FB Vanity URLs: SF Chronicle - \"David Beckham was one of the first, along with Britney Spears & Donald Trump.\" http://tinyurl.com/ln4lol", "created_at": "Thu Jun 18 13:26:53 +0000 2009", "retweet_count": 11, "in_reply_to_user_id_str": null, "favorite_count": 9, "is_retweet": false}, {"source": "Twitter Web Client", "id_str": "2184650461", "text": "Thanks to all for your thoughtful birthday wishes \u2013 Donald Trump", "created_at": "Mon Jun 15 23:13:05 +0000 2009", "retweet_count": 38, "in_reply_to_user_id_str": null, "favorite_count": 31, "is_retweet": false}, {"source": "Twitter Web Client", "id_str": "2165353946", "text": "Today is Donald Trump's Birthday! Send him your B'day wishes here: http://www.facebook.com/DonaldTrump", "created_at": "Sun Jun 14 14:25:36 +0000 2009", "retweet_count": 6, "in_reply_to_user_id_str": null, "favorite_count": 5, "is_retweet": false}, {"source": "Twitter Web Client", "id_str": "2080633709", "text": "Last week to enter the \"Think Like A Champion\" signed book and keychain contest: http://www.trumpthinklikeachampion.com/contest/", "created_at": "Mon Jun 08 20:15:29 +0000 2009", "retweet_count": 2, "in_reply_to_user_id_str": null, "favorite_count": 0, "is_retweet": false}, {"source": "Twitter Web Client", "id_str": "2045871770", "text": "\u201cIf you don't have problems, you're pretending or you don't run your own business.\u201d \u2013Donald J. Trump  http://tinyurl.com/pqpfvm", "created_at": "Fri Jun 05 18:21:37 +0000 2009", "retweet_count": 1, "in_reply_to_user_id_str": null, "favorite_count": 6, "is_retweet": false}, {"source": "Twitter Web Client", "id_str": "2019316195", "text": "Check out Donald Trump's new iGoogle Showcase page:\nhttp://bit.ly/DdD2A", "created_at": "Wed Jun 03 18:19:49 +0000 2009", "retweet_count": 9, "in_reply_to_user_id_str": null, "favorite_count": 14, "is_retweet": false}, {"source": "Twitter Web Client", "id_str": "1949899014", "text": "\"You have to know when to call it quits and when to keep moving forward.\" --Donald J. Trump http://www.trumpthinklikeachampion.com", "created_at": "Thu May 28 18:03:34 +0000 2009", "retweet_count": 18, "in_reply_to_user_id_str": null, "favorite_count": 19, "is_retweet": false}, {"source": "Twitter Web Client", "id_str": "1936022874", "text": "Read an excerpt from Think Like A Champion by Donald J. Trump: http://bit.ly/11FHpR", "created_at": "Wed May 27 14:18:52 +0000 2009", "retweet_count": 1, "in_reply_to_user_id_str": null, "favorite_count": 4, "is_retweet": false}, {"source": "Twitter Web Client", "id_str": "1924074459", "text": "\"Your higher self is in direct opposition to your comfort zone.\" --Donald J. Trump http://tinyurl.com/pqpfvm", "created_at": "Tue May 26 14:42:01 +0000 2009", "retweet_count": 4, "in_reply_to_user_id_str": null, "favorite_count": 15, "is_retweet": false}, {"source": "Twitter Web Client", "id_str": "1894284587", "text": "Did you know Donald Trump is on Facebook? http://www.facebook.com/DonaldTrump - Become a fan today!", "created_at": "Sat May 23 16:11:19 +0000 2009", "retweet_count": 10, "in_reply_to_user_id_str": null, "favorite_count": 10, "is_retweet": false}, {"source": "Twitter Web Client", "id_str": "1884022748", "text": "Don't forget to enter the \"Think Like A Champion\" signed book and keychain contest: http://www.trumpthinklikeachampion.com/contest", "created_at": "Fri May 22 16:28:34 +0000 2009", "retweet_count": 2, "in_reply_to_user_id_str": null, "favorite_count": 1, "is_retweet": false}, {"source": "Twitter Web Client", "id_str": "1878373267", "text": "\"Keep it fast, short and direct - whatever it is.\" --Donald J. Trump http://tinyurl.com/pqpfvm", "created_at": "Fri May 22 02:59:39 +0000 2009", "retweet_count": 10, "in_reply_to_user_id_str": null, "favorite_count": 13, "is_retweet": false}, {"source": "Twitter Web Client", "id_str": "1864367186", "text": "Read a great interview with Donald Trump that appeared in The New York Times Magazine: http://tinyurl.com/qsx4o6", "created_at": "Wed May 20 22:29:47 +0000 2009", "retweet_count": 4, "in_reply_to_user_id_str": null, "favorite_count": 3, "is_retweet": false}, {"source": "Twitter Web Client", "id_str": "1859044981", "text": "\"Always know you could be on the precipice of something great.\" --Donald J. Trump http://tinyurl.com/pqpfvm", "created_at": "Wed May 20 13:25:39 +0000 2009", "retweet_count": 5, "in_reply_to_user_id_str": null, "favorite_count": 12, "is_retweet": false}, {"source": "Twitter Web Client", "id_str": "1849558306", "text": "\"...these days...we could all use a little of the power of Trumpative thinking.\" \u2013BarnesandNoble.com http://tinyurl.com/pqpfvm", "created_at": "Tue May 19 17:43:39 +0000 2009", "retweet_count": 7, "in_reply_to_user_id_str": null, "favorite_count": 7, "is_retweet": false}, {"source": "Twitter Web Client", "id_str": "1836131903", "text": "\"We win in our lives by having a champion's view of each moment.\" --Donald J. Trump http://tinyurl.com/pqpfvm", "created_at": "Mon May 18 14:26:00 +0000 2009", "retweet_count": 60, "in_reply_to_user_id_str": null, "favorite_count": 101, "is_retweet": false}, {"source": "Twitter Web Client", "id_str": "1826225450", "text": "\"Don\u2019t be afraid of being unique - it's like being afraid of your best self.\" --Donald J. Trump http://tinyurl.com/pqpfvm", "created_at": "Sun May 17 15:00:03 +0000 2009", "retweet_count": 5, "in_reply_to_user_id_str": null, "favorite_count": 13, "is_retweet": false}, {"source": "Twitter Web Client", "id_str": "1820624395", "text": "\"When the achiever achieves, it's not a plateau, it\u2019s a beginning.\" --Donald J. Trump http://tinyurl.com/pqpfvm", "created_at": "Sat May 16 22:22:45 +0000 2009", "retweet_count": 3, "in_reply_to_user_id_str": null, "favorite_count": 5, "is_retweet": false}, {"source": "Twitter Web Client", "id_str": "1806258917", "text": "Enter the \"Think Like A Champion\" signed book and keychain contest:\nhttp://www.trumpthinklikeachampion.com/contest/", "created_at": "Fri May 15 14:13:13 +0000 2009", "retweet_count": 1, "in_reply_to_user_id_str": null, "favorite_count": 2, "is_retweet": false}, {"source": "Twitter Web Client", "id_str": "1796477499", "text": "\"Strive for wholeness and keep your sense of wonder intact.\" --Donald J. Trump http://tinyurl.com/pqpfvm", "created_at": "Thu May 14 16:30:40 +0000 2009", "retweet_count": 3, "in_reply_to_user_id_str": null, "favorite_count": 6, "is_retweet": false}, {"source": "Twitter Web Client", "id_str": "1786560616", "text": "Listen to an interview with Donald Trump discussing his new book, Think Like A Champion: http://tinyurl.com/qs24vl", "created_at": "Wed May 13 17:38:28 +0000 2009", "retweet_count": 11, "in_reply_to_user_id_str": null, "favorite_count": 10, "is_retweet": false}, {"source": "Twitter Web Client", "id_str": "1776419923", "text": "Miss USA Tara Conner will not be fired - \"I've always been a believer in second chances.\" says Donald Trump", "created_at": "Tue May 12 19:21:55 +0000 2009", "retweet_count": 10, "in_reply_to_user_id_str": null, "favorite_count": 13, "is_retweet": false}, {"source": "Twitter Web Client", "id_str": "1773561338", "text": "\"My persona will never be that of a wallflower - I\u2019d rather build walls than cling to them\" --Donald J. Trump", "created_at": "Tue May 12 14:07:28 +0000 2009", "retweet_count": 1421, "in_reply_to_user_id_str": null, "favorite_count": 1950, "is_retweet": false}, {"source": "Twitter Web Client", "id_str": "1741160716", "text": "New Blog Post: Celebrity Apprentice Finale and Lessons Learned Along the Way: http://tinyurl.com/qlux5e", "created_at": "Fri May 08 20:40:15 +0000 2009", "retweet_count": 8, "in_reply_to_user_id_str": null, "favorite_count": 27, "is_retweet": false}, {"source": "Twitter Web Client", "id_str": "1737479987", "text": "Donald Trump reads Top Ten Financial Tips on Late Show with David Letterman: http://tinyurl.com/ooafwn - Very funny!", "created_at": "Fri May 08 13:38:08 +0000 2009", "retweet_count": 3, "in_reply_to_user_id_str": null, "favorite_count": 2, "is_retweet": false}, {"source": "Twitter Web Client", "id_str": "1701461182", "text": "Donald Trump will be appearing on The View tomorrow morning to discuss Celebrity Apprentice and his new book Think Like A Champion!", "created_at": "Tue May 05 01:00:10 +0000 2009", "retweet_count": 2, "in_reply_to_user_id_str": null, "favorite_count": 3, "is_retweet": false}, {"source": "Twitter Web Client", "id_str": "1698308935", "text": "Be sure to tune in and watch Donald Trump on Late Night with David Letterman as he presents the Top Ten List tonight!", "created_at": "Mon May 04 18:54:25 +0000 2009", "retweet_count": 253, "in_reply_to_user_id_str": null, "favorite_count": 202, "is_retweet": false}]